id	src_audio	src_n_frames	src_text	tgt_text	tgt_audio	tgt_n_frames
common_voice_es_18364427	E:/Thesis_Datasets/CommonVoice_v4/es/cv-corpus-22.0-2025-06-20/es/1st Batch - 5000 WAV/Clips - Batch 10/common_voice_es_18364427.wav	0	Despídete de tu mujer y de tus patatitas.	Forget about your wife and your potatoes.	E:/Thesis_Datasets/CommonVoice_v4/en/1st Batch - 5000 WAV/Clips - Batch 1/common_voice_en_319.wav	0
common_voice_es_18367367	E:/Thesis_Datasets/CommonVoice_v4/es/cv-corpus-22.0-2025-06-20/es/1st Batch - 5000 WAV/Clips - Batch 10/common_voice_es_18367367.wav	0	Cierra la puerta que hay corriente de aire.	Close the door when there’s wind.	E:/Thesis_Datasets/CommonVoice_v4/en/1st Batch - 5000 WAV/Clips - Batch 10/common_voice_en_9483.wav	0
common_voice_es_18367350	E:/Thesis_Datasets/CommonVoice_v4/es/cv-corpus-22.0-2025-06-20/es/1st Batch - 5000 WAV/Clips - Batch 10/common_voice_es_18367350.wav	0	Agua que no has de beber, déjala correr.	Do not hoard what you can't or won't use.	E:/Thesis_Datasets/CommonVoice_v4/en/1st Batch - 5000 WAV/Clips - Batch 2/common_voice_en_497.wav	0
common_voice_es_18311132	E:/Thesis_Datasets/CommonVoice_v4/es/cv-corpus-22.0-2025-06-20/es/1st Batch - 5000 WAV/Clips - Batch 5/common_voice_es_18311132.wav	0	Hace días que duermo con la ventana abierta.	I have been sleeping with the window open for days.	E:/Thesis_Datasets/CommonVoice_v4/en/1st Batch - 5000 WAV/Clips - Batch 10/common_voice_en_9466.wav	0
common_voice_es_18306608	E:/Thesis_Datasets/CommonVoice_v4/es/cv-corpus-22.0-2025-06-20/es/1st Batch - 5000 WAV/Clips - Batch 5/common_voice_es_18306608.wav	0	muy bien , Ramiro , muy bien . felicidades .	Very good, Ramiro. Very good, congratulations.	E:/Thesis_Datasets/CommonVoice_v4/en/1st Batch - 5000 WAV/Clips - Batch 4/common_voice_en_1692.wav	0
common_voice_es_18367511	E:/Thesis_Datasets/CommonVoice_v4/es/cv-corpus-22.0-2025-06-20/es/1st Batch - 5000 WAV/Clips - Batch 10/common_voice_es_18367511.wav	0	Convertido en cráter.	Turned into a crater.	E:/Thesis_Datasets/CommonVoice_v4/en/1st Batch - 5000 WAV/Clips - Batch 3/common_voice_en_1038.wav	0
common_voice_es_18364517	E:/Thesis_Datasets/CommonVoice_v4/es/cv-corpus-22.0-2025-06-20/es/1st Batch - 5000 WAV/Clips - Batch 10/common_voice_es_18364517.wav	0	El estímulo neurosensorial no ha tenido la intensidad esperada.	The sensorineural stimulation has not had the expected intensity.	E:/Thesis_Datasets/CommonVoice_v4/en/1st Batch - 5000 WAV/Clips - Batch 3/common_voice_en_1233.wav	0
common_voice_es_18306820	E:/Thesis_Datasets/CommonVoice_v4/es/cv-corpus-22.0-2025-06-20/es/1st Batch - 5000 WAV/Clips - Batch 5/common_voice_es_18306820.wav	0	piti , estamos a punto de caer por un precipicio .	Piti, we are about to fall off the edge.	E:/Thesis_Datasets/CommonVoice_v4/en/1st Batch - 5000 WAV/Clips - Batch 2/common_voice_en_821.wav	0
common_voice_es_18307343	E:/Thesis_Datasets/CommonVoice_v4/es/cv-corpus-22.0-2025-06-20/es/1st Batch - 5000 WAV/Clips - Batch 5/common_voice_es_18307343.wav	0	esto es ... la Paloma San Basilio , ¿ no ?	This is ... the San Basilio Bird, isn't it?	E:/Thesis_Datasets/CommonVoice_v4/en/1st Batch - 5000 WAV/Clips - Batch 2/common_voice_en_514.wav	0
common_voice_es_18311170	E:/Thesis_Datasets/CommonVoice_v4/es/cv-corpus-22.0-2025-06-20/es/1st Batch - 5000 WAV/Clips - Batch 5/common_voice_es_18311170.wav	0	como no es posible renunciar a la patria , yo , español y caballero ,	How isn’t it possible to give up the country. Me. Spaniard and Gentleman.	E:/Thesis_Datasets/CommonVoice_v4/en/1st Batch - 5000 WAV/Clips - Batch 2/common_voice_en_500.wav	0
common_voice_es_18365185	E:/Thesis_Datasets/CommonVoice_v4/es/cv-corpus-22.0-2025-06-20/es/1st Batch - 5000 WAV/Clips - Batch 10/common_voice_es_18365185.wav	0	El que juega con fuego siempre sale quemado.	If you play with the bull, you get the horns.	E:/Thesis_Datasets/CommonVoice_v4/en/1st Batch - 5000 WAV/Clips - Batch 4/common_voice_en_1677.wav	0
common_voice_es_18306634	E:/Thesis_Datasets/CommonVoice_v4/es/cv-corpus-22.0-2025-06-20/es/1st Batch - 5000 WAV/Clips - Batch 5/common_voice_es_18306634.wav	0	una voz femenina le grita desde lejos :	A female voice screaming from far.	E:/Thesis_Datasets/CommonVoice_v4/en/1st Batch - 5000 WAV/Clips - Batch 2/common_voice_en_803.wav	0
common_voice_es_18364443	E:/Thesis_Datasets/CommonVoice_v4/es/cv-corpus-22.0-2025-06-20/es/1st Batch - 5000 WAV/Clips - Batch 10/common_voice_es_18364443.wav	0	El valenciano tenía los brazos tatuados.	The man from Valencia had tattooed arms.	E:/Thesis_Datasets/CommonVoice_v4/en/1st Batch - 5000 WAV/Clips - Batch 5/common_voice_en_2018.wav	0
common_voice_es_18368427	E:/Thesis_Datasets/CommonVoice_v4/es/cv-corpus-22.0-2025-06-20/es/1st Batch - 5000 WAV/Clips - Batch 10/common_voice_es_18368427.wav	0	Empieza la función. Ya es la hora .	It's showtime. It's time.	E:/Thesis_Datasets/CommonVoice_v4/en/1st Batch - 5000 WAV/Clips - Batch 1/common_voice_en_29.wav	0
common_voice_es_18311070	E:/Thesis_Datasets/CommonVoice_v4/es/cv-corpus-22.0-2025-06-20/es/1st Batch - 5000 WAV/Clips - Batch 5/common_voice_es_18311070.wav	0	Ha caído un chaparrón ¡y hemos quedado bien empapados!	There has been a downpour, and we are totally wet!	E:/Thesis_Datasets/CommonVoice_v4/en/1st Batch - 5000 WAV/Clips - Batch 2/common_voice_en_692.wav	0
common_voice_es_18367340	E:/Thesis_Datasets/CommonVoice_v4/es/cv-corpus-22.0-2025-06-20/es/1st Batch - 5000 WAV/Clips - Batch 10/common_voice_es_18367340.wav	0	El que no sabe es como el que no ve.	He who doesn’t know is like he who doesn’t see	E:/Thesis_Datasets/CommonVoice_v4/en/1st Batch - 5000 WAV/Clips - Batch 3/common_voice_en_1246.wav	0
common_voice_es_18367364	E:/Thesis_Datasets/CommonVoice_v4/es/cv-corpus-22.0-2025-06-20/es/1st Batch - 5000 WAV/Clips - Batch 10/common_voice_es_18367364.wav	0	Ainhoa, ve al camarote , coges a tu hermana y la llevas	Ainhoa, go to the cabin, get your sister, and take her.	E:/Thesis_Datasets/CommonVoice_v4/en/1st Batch - 5000 WAV/Clips - Batch 4/common_voice_en_1992.wav	0
common_voice_es_18306871	E:/Thesis_Datasets/CommonVoice_v4/es/cv-corpus-22.0-2025-06-20/es/1st Batch - 5000 WAV/Clips - Batch 5/common_voice_es_18306871.wav	0	que no son horas , hombre .	They’re not hours, man.	E:/Thesis_Datasets/CommonVoice_v4/en/1st Batch - 5000 WAV/Clips - Batch 3/common_voice_en_1279.wav	0
common_voice_es_18311122	E:/Thesis_Datasets/CommonVoice_v4/es/cv-corpus-22.0-2025-06-20/es/1st Batch - 5000 WAV/Clips - Batch 5/common_voice_es_18311122.wav	0	Vengo en son de paz . Dígame como es el exterior .	I come in peace. Tell me how is outdoors	E:/Thesis_Datasets/CommonVoice_v4/en/1st Batch - 5000 WAV/Clips - Batch 3/common_voice_en_1252.wav	0
common_voice_es_18306607	E:/Thesis_Datasets/CommonVoice_v4/es/cv-corpus-22.0-2025-06-20/es/1st Batch - 5000 WAV/Clips - Batch 5/common_voice_es_18306607.wav	0	de nosotros , de todas las decisiones que tomamos	Of us, of all decisions we make.	E:/Thesis_Datasets/CommonVoice_v4/en/1st Batch - 5000 WAV/Clips - Batch 2/common_voice_en_788.wav	0
common_voice_es_18307348	E:/Thesis_Datasets/CommonVoice_v4/es/cv-corpus-22.0-2025-06-20/es/1st Batch - 5000 WAV/Clips - Batch 5/common_voice_es_18307348.wav	0	¿ te vas ya ?	Are you leaving already?	E:/Thesis_Datasets/CommonVoice_v4/en/1st Batch - 5000 WAV/Clips - Batch 1/common_voice_en_315.wav	0
common_voice_es_18307333	E:/Thesis_Datasets/CommonVoice_v4/es/cv-corpus-22.0-2025-06-20/es/1st Batch - 5000 WAV/Clips - Batch 5/common_voice_es_18307333.wav	0	para echar la papa es siempre a estribor ,	to throw a potato it’s always starboard	E:/Thesis_Datasets/CommonVoice_v4/en/1st Batch - 5000 WAV/Clips - Batch 2/common_voice_en_649.wav	0
common_voice_es_18311138	E:/Thesis_Datasets/CommonVoice_v4/es/cv-corpus-22.0-2025-06-20/es/1st Batch - 5000 WAV/Clips - Batch 5/common_voice_es_18311138.wav	0	bueno , vale , vamos al matadero .	Alright, come on, let’s go to the slaughterhouse.	E:/Thesis_Datasets/CommonVoice_v4/en/1st Batch - 5000 WAV/Clips - Batch 2/common_voice_en_506.wav	0
common_voice_es_18306580	E:/Thesis_Datasets/CommonVoice_v4/es/cv-corpus-22.0-2025-06-20/es/1st Batch - 5000 WAV/Clips - Batch 5/common_voice_es_18306580.wav	0	Dale cuerda a la rana .	Wind up the frog.	E:/Thesis_Datasets/CommonVoice_v4/en/1st Batch - 5000 WAV/Clips - Batch 10/common_voice_en_9384.wav	0
common_voice_es_18306832	E:/Thesis_Datasets/CommonVoice_v4/es/cv-corpus-22.0-2025-06-20/es/1st Batch - 5000 WAV/Clips - Batch 5/common_voice_es_18306832.wav	0	No solo de pan vive el hombre.	Not only of bread the man lives.	E:/Thesis_Datasets/CommonVoice_v4/en/1st Batch - 5000 WAV/Clips - Batch 5/common_voice_en_2225.wav	0
common_voice_es_18311219	E:/Thesis_Datasets/CommonVoice_v4/es/cv-corpus-22.0-2025-06-20/es/1st Batch - 5000 WAV/Clips - Batch 5/common_voice_es_18311219.wav	0	No es momento para asustarse .	This is not a moment to get scared.	E:/Thesis_Datasets/CommonVoice_v4/en/1st Batch - 5000 WAV/Clips - Batch 1/common_voice_en_183.wav	0
common_voice_es_18311143	E:/Thesis_Datasets/CommonVoice_v4/es/cv-corpus-22.0-2025-06-20/es/1st Batch - 5000 WAV/Clips - Batch 5/common_voice_es_18311143.wav	0	Sólo recuerda lo que tu viejo amigo dijo .	Just remember what your old friend said.	E:/Thesis_Datasets/CommonVoice_v4/en/1st Batch - 5000 WAV/Clips - Batch 3/common_voice_en_1104.wav	0
common_voice_es_18306822	E:/Thesis_Datasets/CommonVoice_v4/es/cv-corpus-22.0-2025-06-20/es/1st Batch - 5000 WAV/Clips - Batch 5/common_voice_es_18306822.wav	0	si vais a bailar , mejor que te pongas zapatos .	You better put your shoes on if you want to dance.	E:/Thesis_Datasets/CommonVoice_v4/en/1st Batch - 5000 WAV/Clips - Batch 10/common_voice_en_9333.wav	0
common_voice_es_18311134	E:/Thesis_Datasets/CommonVoice_v4/es/cv-corpus-22.0-2025-06-20/es/1st Batch - 5000 WAV/Clips - Batch 5/common_voice_es_18311134.wav	0	bueno , no es bueno pensar mucho en eso , no es el momento .	Well, it’s not good to think too much on it, it’s not the time.	E:/Thesis_Datasets/CommonVoice_v4/en/1st Batch - 5000 WAV/Clips - Batch 3/common_voice_en_1266.wav	0
common_voice_es_18306547	E:/Thesis_Datasets/CommonVoice_v4/es/cv-corpus-22.0-2025-06-20/es/1st Batch - 5000 WAV/Clips - Batch 3/common_voice_es_18306547.wav	0	es evidente que ya no importa , pero ...	It’s obvious that you don’t care anymore, but...	E:/Thesis_Datasets/CommonVoice_v4/en/1st Batch - 5000 WAV/Clips - Batch 1/common_voice_en_270.wav	0
common_voice_es_18307330	E:/Thesis_Datasets/CommonVoice_v4/es/cv-corpus-22.0-2025-06-20/es/1st Batch - 5000 WAV/Clips - Batch 5/common_voice_es_18307330.wav	0	de verdad que lo siento .	I’m really sorry.	E:/Thesis_Datasets/CommonVoice_v4/en/1st Batch - 5000 WAV/Clips - Batch 1/common_voice_en_218.wav	0
common_voice_es_18311159	E:/Thesis_Datasets/CommonVoice_v4/es/cv-corpus-22.0-2025-06-20/es/1st Batch - 5000 WAV/Clips - Batch 5/common_voice_es_18311159.wav	0	ahora entrega su alma a Dios Nuestro Señor .	Now give your soul to the Lord.	E:/Thesis_Datasets/CommonVoice_v4/en/1st Batch - 5000 WAV/Clips - Batch 10/common_voice_en_9352.wav	0
common_voice_es_18311063	E:/Thesis_Datasets/CommonVoice_v4/es/cv-corpus-22.0-2025-06-20/es/1st Batch - 5000 WAV/Clips - Batch 5/common_voice_es_18311063.wav	0	Más allá de la luna hay estrellas .	far beyond the moon there are stars	E:/Thesis_Datasets/CommonVoice_v4/en/1st Batch - 5000 WAV/Clips - Batch 2/common_voice_en_738.wav	0
common_voice_es_18306568	E:/Thesis_Datasets/CommonVoice_v4/es/cv-corpus-22.0-2025-06-20/es/1st Batch - 5000 WAV/Clips - Batch 5/common_voice_es_18306568.wav	0	No me hables acerca de importancia .	Don’t talk to me about importance.	E:/Thesis_Datasets/CommonVoice_v4/en/1st Batch - 5000 WAV/Clips - Batch 4/common_voice_en_1540.wav	0
common_voice_es_18306627	E:/Thesis_Datasets/CommonVoice_v4/es/cv-corpus-22.0-2025-06-20/es/1st Batch - 5000 WAV/Clips - Batch 5/common_voice_es_18306627.wav	0	anduvimos algún tiempo en silencio :	We were sometime in silence.	E:/Thesis_Datasets/CommonVoice_v4/en/1st Batch - 5000 WAV/Clips - Batch 3/common_voice_en_1330.wav	0
common_voice_es_18308716	E:/Thesis_Datasets/CommonVoice_v4/es/cv-corpus-22.0-2025-06-20/es/1st Batch - 5000 WAV/Clips - Batch 5/common_voice_es_18308716.wav	0	debajo de las perchas . eso , debajo en el banco .	Under the hangers. That thing, under the bench.	E:/Thesis_Datasets/CommonVoice_v4/en/1st Batch - 5000 WAV/Clips - Batch 2/common_voice_en_602.wav	0
common_voice_es_18364494	E:/Thesis_Datasets/CommonVoice_v4/es/cv-corpus-22.0-2025-06-20/es/1st Batch - 5000 WAV/Clips - Batch 10/common_voice_es_18364494.wav	0	El perro había sido adoptado y era muy bueno.	The dog had been adopted, and it was very good.	E:/Thesis_Datasets/CommonVoice_v4/en/1st Batch - 5000 WAV/Clips - Batch 2/common_voice_en_769.wav	0
common_voice_es_18307298	E:/Thesis_Datasets/CommonVoice_v4/es/cv-corpus-22.0-2025-06-20/es/1st Batch - 5000 WAV/Clips - Batch 5/common_voice_es_18307298.wav	0	desde ayer , pero quiero pedirte que mires hacia adelante .	Since yesterday, I wanted to ask you to look forward.	E:/Thesis_Datasets/CommonVoice_v4/en/1st Batch - 5000 WAV/Clips - Batch 5/common_voice_en_2168.wav	0
common_voice_es_18306819	E:/Thesis_Datasets/CommonVoice_v4/es/cv-corpus-22.0-2025-06-20/es/1st Batch - 5000 WAV/Clips - Batch 5/common_voice_es_18306819.wav	0	al mismo camarote sin una primera cita .	To the same stateroom, without a first appointment.	E:/Thesis_Datasets/CommonVoice_v4/en/1st Batch - 5000 WAV/Clips - Batch 5/common_voice_en_2200.wav	0
common_voice_es_18311191	E:/Thesis_Datasets/CommonVoice_v4/es/cv-corpus-22.0-2025-06-20/es/1st Batch - 5000 WAV/Clips - Batch 5/common_voice_es_18311191.wav	0	cuando los efebos coronados de rosas sacrifican en los altares de Afrodita .	When the roses-crowned youth sacrificed in the Aphrodite altars.	E:/Thesis_Datasets/CommonVoice_v4/en/1st Batch - 5000 WAV/Clips - Batch 1/common_voice_en_168.wav	0
common_voice_es_18368457	E:/Thesis_Datasets/CommonVoice_v4/es/cv-corpus-22.0-2025-06-20/es/1st Batch - 5000 WAV/Clips - Batch 10/common_voice_es_18368457.wav	0	Ahora, lo más delicado.	Now, the most delicate issue.	E:/Thesis_Datasets/CommonVoice_v4/en/1st Batch - 5000 WAV/Clips - Batch 4/common_voice_en_1880.wav	0
common_voice_es_18306596	E:/Thesis_Datasets/CommonVoice_v4/es/cv-corpus-22.0-2025-06-20/es/1st Batch - 5000 WAV/Clips - Batch 5/common_voice_es_18306596.wav	0	por su puesto .	Of course.	E:/Thesis_Datasets/CommonVoice_v4/en/1st Batch - 5000 WAV/Clips - Batch 2/common_voice_en_641.wav	0
common_voice_es_18307255	E:/Thesis_Datasets/CommonVoice_v4/es/cv-corpus-22.0-2025-06-20/es/1st Batch - 5000 WAV/Clips - Batch 5/common_voice_es_18307255.wav	0	representación y símbolo de mi vida .	Representation and symbol of life.	E:/Thesis_Datasets/CommonVoice_v4/en/1st Batch - 5000 WAV/Clips - Batch 3/common_voice_en_1394.wav	0
common_voice_es_18311020	E:/Thesis_Datasets/CommonVoice_v4/es/cv-corpus-22.0-2025-06-20/es/1st Batch - 5000 WAV/Clips - Batch 5/common_voice_es_18311020.wav	0	Bien , me alejaré . Eso es . gracias .	Alright, I’ll go away. That’s it. Thanks.	E:/Thesis_Datasets/CommonVoice_v4/en/1st Batch - 5000 WAV/Clips - Batch 10/common_voice_en_9202.wav	0
common_voice_es_18364492	E:/Thesis_Datasets/CommonVoice_v4/es/cv-corpus-22.0-2025-06-20/es/1st Batch - 5000 WAV/Clips - Batch 10/common_voice_es_18364492.wav	0	El abril, aguas mil	On April there’s a lot of water.	E:/Thesis_Datasets/CommonVoice_v4/en/1st Batch - 5000 WAV/Clips - Batch 4/common_voice_en_1693.wav	0
common_voice_es_18364719	E:/Thesis_Datasets/CommonVoice_v4/es/cv-corpus-22.0-2025-06-20/es/1st Batch - 5000 WAV/Clips - Batch 10/common_voice_es_18364719.wav	0	Adonde va la gente, va Vicente.	Monkey see, monkey do.	E:/Thesis_Datasets/CommonVoice_v4/en/1st Batch - 5000 WAV/Clips - Batch 3/common_voice_en_1417.wav	0
common_voice_es_18368431	E:/Thesis_Datasets/CommonVoice_v4/es/cv-corpus-22.0-2025-06-20/es/1st Batch - 5000 WAV/Clips - Batch 10/common_voice_es_18368431.wav	0	Entonces no tenemos tiempo que perder.	We do not have time to lose then.	E:/Thesis_Datasets/CommonVoice_v4/en/1st Batch - 5000 WAV/Clips - Batch 2/common_voice_en_880.wav	0
common_voice_es_18306631	E:/Thesis_Datasets/CommonVoice_v4/es/cv-corpus-22.0-2025-06-20/es/1st Batch - 5000 WAV/Clips - Batch 5/common_voice_es_18306631.wav	0	Pienso que has tomado suficiente té por hoy .	I think you have drunk enough tea for today.	E:/Thesis_Datasets/CommonVoice_v4/en/1st Batch - 5000 WAV/Clips - Batch 3/common_voice_en_1247.wav	0
common_voice_es_18307258	E:/Thesis_Datasets/CommonVoice_v4/es/cv-corpus-22.0-2025-06-20/es/1st Batch - 5000 WAV/Clips - Batch 5/common_voice_es_18307258.wav	0	¡ dios mío !	Oh my God!	E:/Thesis_Datasets/CommonVoice_v4/en/1st Batch - 5000 WAV/Clips - Batch 10/common_voice_en_9462.wav	0
common_voice_es_18311145	E:/Thesis_Datasets/CommonVoice_v4/es/cv-corpus-22.0-2025-06-20/es/1st Batch - 5000 WAV/Clips - Batch 5/common_voice_es_18311145.wav	0	Así que juega limpio .	So, play fair.	E:/Thesis_Datasets/CommonVoice_v4/en/1st Batch - 5000 WAV/Clips - Batch 4/common_voice_en_1675.wav	0
common_voice_es_18311061	E:/Thesis_Datasets/CommonVoice_v4/es/cv-corpus-22.0-2025-06-20/es/1st Batch - 5000 WAV/Clips - Batch 5/common_voice_es_18311061.wav	0	Pues coge otro juguete . ¡ Baja ya !	Well then take another toy. Come down now!	E:/Thesis_Datasets/CommonVoice_v4/en/1st Batch - 5000 WAV/Clips - Batch 4/common_voice_en_1549.wav	0
common_voice_es_18306545	E:/Thesis_Datasets/CommonVoice_v4/es/cv-corpus-22.0-2025-06-20/es/1st Batch - 5000 WAV/Clips - Batch 3/common_voice_es_18306545.wav	0	La prioridad es garantizar la seguridad de los ciudadanos.	The priority is to ensure the safety of the citizens.	E:/Thesis_Datasets/CommonVoice_v4/en/1st Batch - 5000 WAV/Clips - Batch 4/common_voice_en_1811.wav	0
common_voice_es_18364718	E:/Thesis_Datasets/CommonVoice_v4/es/cv-corpus-22.0-2025-06-20/es/1st Batch - 5000 WAV/Clips - Batch 10/common_voice_es_18364718.wav	0	Burro cargado, busca camino.	A loaded Donkey loaded looks for a way out.	E:/Thesis_Datasets/CommonVoice_v4/en/1st Batch - 5000 WAV/Clips - Batch 5/common_voice_en_2192.wav	0
common_voice_es_18364442	E:/Thesis_Datasets/CommonVoice_v4/es/cv-corpus-22.0-2025-06-20/es/1st Batch - 5000 WAV/Clips - Batch 10/common_voice_es_18364442.wav	0	El mayordomo era el asesino.	The butler was the killer.	E:/Thesis_Datasets/CommonVoice_v4/en/1st Batch - 5000 WAV/Clips - Batch 5/common_voice_en_2100.wav	0
common_voice_es_18306604	E:/Thesis_Datasets/CommonVoice_v4/es/cv-corpus-22.0-2025-06-20/es/1st Batch - 5000 WAV/Clips - Batch 5/common_voice_es_18306604.wav	0	salieron nueve mercantes , cuatro pesqueros de altura ,	Nine merchants came out, four fishing ship,	E:/Thesis_Datasets/CommonVoice_v4/en/1st Batch - 5000 WAV/Clips - Batch 10/common_voice_en_9417.wav	0
common_voice_es_18311197	E:/Thesis_Datasets/CommonVoice_v4/es/cv-corpus-22.0-2025-06-20/es/1st Batch - 5000 WAV/Clips - Batch 5/common_voice_es_18311197.wav	0	a ver , Vilma , lo que debes hacer es respirar profundamente , ¿ vale ?	Let’s see, Vilma. What you have to do is breath profoundly, ok?	E:/Thesis_Datasets/CommonVoice_v4/en/1st Batch - 5000 WAV/Clips - Batch 4/common_voice_en_1598.wav	0
common_voice_es_18306626	E:/Thesis_Datasets/CommonVoice_v4/es/cv-corpus-22.0-2025-06-20/es/1st Batch - 5000 WAV/Clips - Batch 5/common_voice_es_18306626.wav	0	¡ aún suspiro al recordarlo !	I still sigh when I remember him!	E:/Thesis_Datasets/CommonVoice_v4/en/1st Batch - 5000 WAV/Clips - Batch 10/common_voice_en_9227.wav	0
common_voice_es_18307340	E:/Thesis_Datasets/CommonVoice_v4/es/cv-corpus-22.0-2025-06-20/es/1st Batch - 5000 WAV/Clips - Batch 5/common_voice_es_18307340.wav	0	con un nudo llano . hay un cabo para cada uno de nosotros ,	With even knot. There is a tail end for everyone.	E:/Thesis_Datasets/CommonVoice_v4/en/1st Batch - 5000 WAV/Clips - Batch 3/common_voice_en_1349.wav	0
common_voice_es_18306548	E:/Thesis_Datasets/CommonVoice_v4/es/cv-corpus-22.0-2025-06-20/es/1st Batch - 5000 WAV/Clips - Batch 3/common_voice_es_18306548.wav	0	¡ Allí ! Intrusos juveniles . ¡ repito , recobren sus posiciones ahora !	There! Juvenile intruders. I repeat myself. Recover your positions now!	E:/Thesis_Datasets/CommonVoice_v4/en/1st Batch - 5000 WAV/Clips - Batch 1/common_voice_en_497.wav	0
common_voice_es_18306884	E:/Thesis_Datasets/CommonVoice_v4/es/cv-corpus-22.0-2025-06-20/es/1st Batch - 5000 WAV/Clips - Batch 5/common_voice_es_18306884.wav	0	raudas y quiméricas , me parecía respirar una esencia suave , deliciosa , divina :	Quick and chimerical, I seemed to breathe a soft, delicious, divine essence.	E:/Thesis_Datasets/CommonVoice_v4/en/1st Batch - 5000 WAV/Clips - Batch 3/common_voice_en_1193.wav	0
common_voice_es_18307341	E:/Thesis_Datasets/CommonVoice_v4/es/cv-corpus-22.0-2025-06-20/es/1st Batch - 5000 WAV/Clips - Batch 5/common_voice_es_18307341.wav	0	niña , la cabeza de Juan Guzmán está pregonada .	Girl, the head of Juan Guzmán is spread.	E:/Thesis_Datasets/CommonVoice_v4/en/1st Batch - 5000 WAV/Clips - Batch 4/common_voice_en_1597.wav	0
common_voice_es_18307264	E:/Thesis_Datasets/CommonVoice_v4/es/cv-corpus-22.0-2025-06-20/es/1st Batch - 5000 WAV/Clips - Batch 5/common_voice_es_18307264.wav	0	Julia , ¿ me recibe ?	Julia, can you open up?	E:/Thesis_Datasets/CommonVoice_v4/en/1st Batch - 5000 WAV/Clips - Batch 3/common_voice_en_1118.wav	0
common_voice_es_18311152	E:/Thesis_Datasets/CommonVoice_v4/es/cv-corpus-22.0-2025-06-20/es/1st Batch - 5000 WAV/Clips - Batch 5/common_voice_es_18311152.wav	0	a veces , cuando viene una gran ola , lo mejor es dejarse llevar .	Sometimes, when a big wave comes, it is best to get let go.	E:/Thesis_Datasets/CommonVoice_v4/en/1st Batch - 5000 WAV/Clips - Batch 1/common_voice_en_416.wav	0
common_voice_es_18306582	E:/Thesis_Datasets/CommonVoice_v4/es/cv-corpus-22.0-2025-06-20/es/1st Batch - 5000 WAV/Clips - Batch 5/common_voice_es_18306582.wav	0	¡ Preparado , listo ... Ya !	Ready, set, go!	E:/Thesis_Datasets/CommonVoice_v4/en/1st Batch - 5000 WAV/Clips - Batch 2/common_voice_en_517.wav	0
common_voice_es_18306579	E:/Thesis_Datasets/CommonVoice_v4/es/cv-corpus-22.0-2025-06-20/es/1st Batch - 5000 WAV/Clips - Batch 5/common_voice_es_18306579.wav	0	no se compra un caballo sin verle antes el diente .	You don't buy a horse without seeing him before the tooth.	E:/Thesis_Datasets/CommonVoice_v4/en/1st Batch - 5000 WAV/Clips - Batch 2/common_voice_en_696.wav	0
common_voice_es_18364417	E:/Thesis_Datasets/CommonVoice_v4/es/cv-corpus-22.0-2025-06-20/es/1st Batch - 5000 WAV/Clips - Batch 10/common_voice_es_18364417.wav	0	Dijo el gitano, pleitos te dé Dios, y los ganes.	Said the gypsy, may God give you lawsuit, and you beat them.	E:/Thesis_Datasets/CommonVoice_v4/en/1st Batch - 5000 WAV/Clips - Batch 10/common_voice_en_9154.wav	0
common_voice_es_18307339	E:/Thesis_Datasets/CommonVoice_v4/es/cv-corpus-22.0-2025-06-20/es/1st Batch - 5000 WAV/Clips - Batch 5/common_voice_es_18307339.wav	0	los bosques de Campeche ,	The forests of Campeche,	E:/Thesis_Datasets/CommonVoice_v4/en/1st Batch - 5000 WAV/Clips - Batch 2/common_voice_en_726.wav	0
common_voice_es_18311183	E:/Thesis_Datasets/CommonVoice_v4/es/cv-corpus-22.0-2025-06-20/es/1st Batch - 5000 WAV/Clips - Batch 5/common_voice_es_18311183.wav	0	No me digas lo que tengo que hacer .	Do not tell me what I need to do.	E:/Thesis_Datasets/CommonVoice_v4/en/1st Batch - 5000 WAV/Clips - Batch 10/common_voice_en_9312.wav	0
common_voice_es_18307305	E:/Thesis_Datasets/CommonVoice_v4/es/cv-corpus-22.0-2025-06-20/es/1st Batch - 5000 WAV/Clips - Batch 5/common_voice_es_18307305.wav	0	burbuja , mira mis gafas nuevas , de princesa .	Bubble, look at my new princess glasses.	E:/Thesis_Datasets/CommonVoice_v4/en/1st Batch - 5000 WAV/Clips - Batch 2/common_voice_en_812.wav	0
common_voice_es_18306632	E:/Thesis_Datasets/CommonVoice_v4/es/cv-corpus-22.0-2025-06-20/es/1st Batch - 5000 WAV/Clips - Batch 5/common_voice_es_18306632.wav	0	Ya tengo compañero de mudanza .	I now have a roommate.	E:/Thesis_Datasets/CommonVoice_v4/en/1st Batch - 5000 WAV/Clips - Batch 5/common_voice_en_2012.wav	0
common_voice_es_18364717	E:/Thesis_Datasets/CommonVoice_v4/es/cv-corpus-22.0-2025-06-20/es/1st Batch - 5000 WAV/Clips - Batch 10/common_voice_es_18364717.wav	0	El trabajo bien hecho da alegría en el pecho.	A job well done is something to be proud of.	E:/Thesis_Datasets/CommonVoice_v4/en/1st Batch - 5000 WAV/Clips - Batch 4/common_voice_en_1703.wav	0
common_voice_es_18307332	E:/Thesis_Datasets/CommonVoice_v4/es/cv-corpus-22.0-2025-06-20/es/1st Batch - 5000 WAV/Clips - Batch 5/common_voice_es_18307332.wav	0	Nuria fuma farias.	Nuria smokes farias.	E:/Thesis_Datasets/CommonVoice_v4/en/1st Batch - 5000 WAV/Clips - Batch 4/common_voice_en_1727.wav	0
common_voice_es_18307294	E:/Thesis_Datasets/CommonVoice_v4/es/cv-corpus-22.0-2025-06-20/es/1st Batch - 5000 WAV/Clips - Batch 5/common_voice_es_18307294.wav	0	le encuentra y salva a Caperucita .	He finds and saves Little Red Riding Hood.	E:/Thesis_Datasets/CommonVoice_v4/en/1st Batch - 5000 WAV/Clips - Batch 4/common_voice_en_1679.wav	0
common_voice_es_18307307	E:/Thesis_Datasets/CommonVoice_v4/es/cv-corpus-22.0-2025-06-20/es/1st Batch - 5000 WAV/Clips - Batch 5/common_voice_es_18307307.wav	0	todavía hoy , después de haber pecado tanto , tengo las mañanas triunfantes ,	Even today, after having sinned so much, my mornings are triumphant.	E:/Thesis_Datasets/CommonVoice_v4/en/1st Batch - 5000 WAV/Clips - Batch 3/common_voice_en_1129.wav	0
common_voice_es_18364716	E:/Thesis_Datasets/CommonVoice_v4/es/cv-corpus-22.0-2025-06-20/es/1st Batch - 5000 WAV/Clips - Batch 10/common_voice_es_18364716.wav	0	Deberías comer más fruta porque tienen muchos nutrientes.	You should eat more fruit because they have many nutrients.	E:/Thesis_Datasets/CommonVoice_v4/en/1st Batch - 5000 WAV/Clips - Batch 10/common_voice_en_9312.wav	0
common_voice_es_18306885	E:/Thesis_Datasets/CommonVoice_v4/es/cv-corpus-22.0-2025-06-20/es/1st Batch - 5000 WAV/Clips - Batch 5/common_voice_es_18306885.wav	0	el vidrio con el que se hacen las lunas de los coches ,	The glass which the car’s windows are made of,	E:/Thesis_Datasets/CommonVoice_v4/en/1st Batch - 5000 WAV/Clips - Batch 4/common_voice_en_1913.wav	0
common_voice_es_18307284	E:/Thesis_Datasets/CommonVoice_v4/es/cv-corpus-22.0-2025-06-20/es/1st Batch - 5000 WAV/Clips - Batch 5/common_voice_es_18307284.wav	0	bueno , ya me he vuelto a pasar .	Well, it happened again.	E:/Thesis_Datasets/CommonVoice_v4/en/1st Batch - 5000 WAV/Clips - Batch 3/common_voice_en_1123.wav	0
common_voice_es_18306888	E:/Thesis_Datasets/CommonVoice_v4/es/cv-corpus-22.0-2025-06-20/es/1st Batch - 5000 WAV/Clips - Batch 5/common_voice_es_18306888.wav	0	¡ Por mi cordel ! ¿ La fiesta de cumpleaños es hoy ?	For my corde! The Birthday party is today!	E:/Thesis_Datasets/CommonVoice_v4/en/1st Batch - 5000 WAV/Clips - Batch 2/common_voice_en_801.wav	0
common_voice_es_18365176	E:/Thesis_Datasets/CommonVoice_v4/es/cv-corpus-22.0-2025-06-20/es/1st Batch - 5000 WAV/Clips - Batch 10/common_voice_es_18365176.wav	0	Del dicho al hecho hay mucho trecho.	It's easier said than done.	E:/Thesis_Datasets/CommonVoice_v4/en/1st Batch - 5000 WAV/Clips - Batch 2/common_voice_en_776.wav	0
common_voice_es_18311146	E:/Thesis_Datasets/CommonVoice_v4/es/cv-corpus-22.0-2025-06-20/es/1st Batch - 5000 WAV/Clips - Batch 5/common_voice_es_18311146.wav	0	Para atrás , todo el mundo .	Go back, everyone.	E:/Thesis_Datasets/CommonVoice_v4/en/1st Batch - 5000 WAV/Clips - Batch 3/common_voice_en_1419.wav	0
common_voice_es_18311205	E:/Thesis_Datasets/CommonVoice_v4/es/cv-corpus-22.0-2025-06-20/es/1st Batch - 5000 WAV/Clips - Batch 5/common_voice_es_18311205.wav	0	damos la vuelta .	We turn around.	E:/Thesis_Datasets/CommonVoice_v4/en/1st Batch - 5000 WAV/Clips - Batch 3/common_voice_en_1025.wav	0
common_voice_es_18307301	E:/Thesis_Datasets/CommonVoice_v4/es/cv-corpus-22.0-2025-06-20/es/1st Batch - 5000 WAV/Clips - Batch 5/common_voice_es_18307301.wav	0	ha sido por ayudarte .	That's because I helped you.	E:/Thesis_Datasets/CommonVoice_v4/en/1st Batch - 5000 WAV/Clips - Batch 3/common_voice_en_1070.wav	0
common_voice_es_18364687	E:/Thesis_Datasets/CommonVoice_v4/es/cv-corpus-22.0-2025-06-20/es/1st Batch - 5000 WAV/Clips - Batch 10/common_voice_es_18364687.wav	0	Cuando empiezas, no puedes parar.	Once you start, you can’t stop.	E:/Thesis_Datasets/CommonVoice_v4/en/1st Batch - 5000 WAV/Clips - Batch 3/common_voice_en_1291.wav	0
